<?xml version="1.0" encoding="UTF-8"?>
<!DOCTYPE mapper
  PUBLIC "-//mybatis.org//DTD Mapper 3.0//EN"
  	"https://mybatis.org/dtd/mybatis-3-mapper.dtd"> 

<mapper namespace="com.ex.repository.NewsMapper">

	<!-- 메인 뉴스: 상위 5개 조회 -->
	<select id="selectTop5ByCategory" parameterType="String" resultType="com.ex.data.NewsDTO">
		SELECT n.num, n.title, n.writer, r.writer_name AS writer_name,
		r.PROFILE_IMG AS profile_img, n.readCount, n.category, n.thumbUrl,
		n.reg, n.hot, n.is_breaking from news n LEFT JOIN reporter r ON n.writer = r.id
		WHERE status='approve' and n.category = #{category} ORDER BY n.readCount DESC FETCH FIRST 5 ROWS ONLY
		</select>
	<!-- '속보' 키워드 포함된 기사 3개 -->
	<select id="selectBreakingByTitle" parameterType="int" resultType="com.ex.data.NewsDTO">
		SELECT n.num, n.title, n.thumbUrl, n.reg, r.writer_name, r.profile_img
	    FROM news n LEFT JOIN reporter r ON n.writer = r.id WHERE n.title LIKE '%속보%'
	    ORDER BY n.reg DESC FETCH FIRST #{limit} ROWS ONLY
	</select>
	<!-- 최신 기사 목록 -->
	<select id="selectLatestPage" parameterType="map" resultType="com.ex.data.NewsDTO">
		SELECT n.num, n.title, n.thumbUrl, n.reg, n.writer, r.writer_name, r.profile_img, n.category
	    FROM news n LEFT JOIN reporter r ON n.writer = r.id ORDER BY n.num DESC OFFSET #{offset} ROWS FETCH NEXT #{limit} ROWS ONLY where status='approve'
	</select>
	<!-- 전체 기사 수 -->
	<select id="countAll" resultType="int">
		SELECT COUNT(*) FROM news
	</select>
	<!-- 새 기사 등록 -->
	<insert id="insertNews" parameterType="com.ex.data.NewsDTO">
		INSERT INTO news (num, title, writer, reg, readCount, hot, category, thumbUrl, is_breaking, content, status)
	    VALUES (news_seq.NEXTVAL, #{title}, #{writer}, SYSDATE,  0,  0, #{category}, #{thumbUrl}, 0, #{content,jdbcType=CLOB}, 'wait')
	</insert>
	<!-- 카테고리별 기사 목록 조회 -->
	<select id="selectByCategory" parameterType="String" resultType="com.ex.data.NewsDTO">
		SELECT n.num, n.title,  n.writer, r.writer_name, r.profile_img,  n.reg, n.thumbUrl, n.hot, n.category FROM news n
	    LEFT JOIN reporter r ON n.writer = r.id WHERE status='approve' and n.category = #{category} ORDER BY n.reg DESC 
	</select>
	<!-- 기사 번호로 기사 상세 조회 -->
	<select id="selectByNum" parameterType="int" resultType="com.ex.data.NewsDTO">
		SELECT n.num, n.title, n.content, n.writer, r.writer_name as writerName, r.profile_img as profile_img, n.reg, n.hot, n.thumbUrl 
	    FROM news n LEFT JOIN reporter r ON n.writer = r.id WHERE n.num = #{num}
	</select>
	<!-- 추천 수 증가 -->
	<update id="increaseHot" parameterType="int">
		UPDATE news SET hot = hot + 1 WHERE num = #{num}
	</update>
	<!-- 특정 기자의 기사 목록 조회 -->
	<select id="selectByWriter" parameterType="String" resultType="com.ex.data.NewsDTO">
		select num, title, writer, reg, readCount, hot, category, thumburl, is_breaking, content, status from news 
		where writer = #{writer, jdbcType=VARCHAR} order by reg desc
	</select>
  	<!--조회수 출력-->
	<select id="newsReadCount" resultType="com.ex.data.NewsDTO">
		<![CDATA[
			select * from (select * from news order by readCount desc) where rownum <= 10
		]]>
	</select>
	<!-- 특정 기사 조회수 증가 -->
	<update id="newsReadCountUp">
		update news set readCount = readCount+1 where num = #{num}
	</update>

</mapper>