<!DOCTYPE mapper
  PUBLIC "-//mybatis.org//DTD Mapper 3.0//EN"
  "http://mybatis.org/dtd/mybatis-3-mapper.dtd">


<mapper namespace="com.ex.repository.ReportMapper">
<!-- DB에 글 저장하기-->
	<insert id="insertReport" parameterType="com.ex.data.ReportBoardDTO">
	 	INSERT INTO report_board (report_id, title, content, writer_id, writer_name, writer_pw, status, assigned, file_original_name, file_saved_name, file_mime_type, file_size, reg, email)
	 		           	  VALUES (report_id_seq.NEXTVAL, #{title, jdbcType=VARCHAR}, #{content, jdbcType=CLOB}, #{writer_id, jdbcType=VARCHAR}, #{writer_Name, jdbcType=VARCHAR}, #{writer_Pw, jdbcType=VARCHAR}, #{status, jdbcType=VARCHAR}, #{assigned, jdbcType=VARCHAR}, #{file_Original_Name, jdbcType=VARCHAR}, #{file_Saved_Name, jdbcType=VARCHAR}, #{file_Mime_Type, jdbcType=VARCHAR}, #{file_Size, jdbcType=NUMERIC}, SYSDATE, #{email, jdbcType=VARCHAR})
	 		           	  
    </insert>
	
	<!-- 제보글 목록 조회 -->
	<select id="reportList" resultType="com.ex.data.ReportBoardDTO">
	<![CDATA[
		select * from (select b.*, rownum r from(select * from report_board order by report_id desc) b ) where r >= #{start} and r <= #{end}
	]]>
	</select>
	
	<!-- 글 개수 -->
	<select id="reportCount" resultType="int">
		select count(*) from report_board
	</select>
	
	<!-- 글 내용 -->
	<select id="reportContent" resultType="com.ex.data.ReportBoardDTO">
		select * from report_board where report_id=#{report_id}
	</select> 

	<!-- 제보글 담당기자 배정 -->
	<update id="assignReporter">
		 UPDATE report_board SET assigned = #{assigned}, status = '배정완료' WHERE report_id = #{report_id}
	</update>

	<!--제보글 익명일 떄 비밀번호 확인-->
	<select id="checkPw" resultType="com.ex.data.ReportBoardDTO">
		select * from report_board where report_id=#{report_id} and writer_pw=#{password}
	</select>
	
	<!--배정된 제보글의 정보확인(제보자 email + 기자의 email)-->
	<select id="getReporterInfo" resultType="com.ex.data.ReportBoardDTO">
		select r.report_id, r.title, r.writer_id, r.email AS email, r.assigned, u.email AS assigned_email
			from report_board r left join users u on r.assigned = u.id where r.report_id = #{report_id}
	</select>	
		
	<!-- 특정 기자에게 배정된 제보 목록 조회-->
	<select id="getAssignedReports" resultType="com.ex.data.ReportBoardDTO" parameterType="String">
		select * from report_board where assigned = #{reporterId} order by report_id desc
	</select>
	
	<!--배정된 기자가 기사작성을 누르면 기사화완료-->
	<update id="updateStatus">
		update report_board set status = '기사화완료' where report_id = #{report_id}
	</update>
	
	
	
	
</mapper>
