<?xml version="1.0" encoding="UTF-8" ?>
<!DOCTYPE mapper
  PUBLIC "-//mybatis.org//DTD Mapper 3.0//EN"
  "https://mybatis.org/dtd/mybatis-3-mapper.dtd">
  <mapper namespace="com.ex.repository.ReporterMapper">
  
  	<!-- 기자 회원가입 (reporter 테이블에 삽입) -->
  	<insert id="reporterInsert" parameterType="com.ex.data.ReporterDTO">
  		insert into reporter (id, writer_name, intro, category)
  		values (#{id}, #{writer_name, jdbcType=VARCHAR}, #{intro, jdbcType=VARCHAR}, #{category, jdbcType=VARCHAR})
  	</insert>
  	<!-- 기자 목록 조회 (usrers 테이블에서 role이 'reporter'인 사용자 목록 조회)-->
  	<select id="reporterList" resultType="com.ex.data.UsersDTO">
  		select * from users where role='reporter'
  	</select>
 	<!-- 특정 기자 정보 조회 (reporter 테이블에서 id 기준 조회) -->
  	<select id="selectById" parameterType="string" resultType="com.ex.data.ReporterDTO">
  		select id, profile_img, category, intro,category from reporter where id = #{id}
  	</select>
  	<!-- 특정 기자 상세 정보 조회 (reporter + users 조인, name과 email 포함) -->
  	<select id="reporterInfo" resultType="com.ex.data.ReporterDTO">
		select r.*,u.name,u.email from reporter r join users u on r.id = u.id where r.id=#{id}
	</select>
  	<!-- 제보 배정용 기자 리스트 (제보 수 포함) -->
  	<select id="getReporterListWithStatus" resultType="com.ex.data.ReporterDTO">
  		select r.id, u.email, r.category, (select count(*) from report_board where assigned = r.id) as assignedCount from reporter r
  			join users u on r.id = u.id where u.role='reporter'
  	</select>
  	<!-- 기자 users 테이블 정보 업데이트 (이름, 닉네임, 전화번호, 이메일) -->
  	<update id="updateReporter" parameterType="com.ex.data.UsersDTO">
  		update users set name = #{name, jdbcType=VARCHAR}, nick = #{nick, jdbcType=VARCHAR}, phone = #{phone, jdbcType=VARCHAR}, email = #{email, jdbcType=VARCHAR}
  		where id = #{id} and role = 'reporter'
  	</update>
  	<!-- 기자 정보 단건 조회 (reporter 테이블) -->
  	<select id="findById" parameterType="string" resultType="com.ex.data.ReporterDTO">
  		select id, profile_img, category, intro from reporter where id = #{id}
  	</select>
  	
  	<!-- 기자 정보 업데이트 (reporter 테이블) -->
  	<update id="update" parameterType="com.ex.data.ReporterDTO">
  		update reporter set writer_name = #{writer_name, jdbcType=VARCHAR}, profile_img = #{profile_img, jdbcType=VARCHAR}, intro = #{intro, jdbcType=VARCHAR} where id = #{id, jdbcType=VARCHAR}
  	</update>
  	
	<!-- 해당 기자가 담당한 제보 목록 조회 (최신순) -->
	<select id="getAssignedReports" resultType="com.ex.data.ReportBoardDTO" parameterType="String">
		select * from report_board where assigned = #{reporterId} order by report_id desc
	</select>
	
	<update id="reporterId">
		update users set name=#{name} where id=#{id}
	</update>
	
	<!--내가 쓴 스포츠기사-->
	<select id="selectSports" resultType="com.ex.data.SportsDTO">
		select title,num,reg from sports where writer=#{writer} order by num desc
	</select>
	<!--내가 쓴 엔터기사-->
	<select id="selectEnter" resultType="com.ex.data.EnterNewsDTO">
		select title,num,reg from where writer_id=#{writer} order by num desc
	</select>
  </mapper>



