<?xml version="1.0" encoding="UTF-8" ?>
<!DOCTYPE mapper
  PUBLIC "-//mybatis.org//DTD Mapper 3.0//EN"
  "https://mybatis.org/dtd/mybatis-3-mapper.dtd">
<mapper namespace="com.ex.repository.UsersMapper">
	<!--회원 가입-->
	<insert id="userInsert">
		insert into users (id, pw, nick, name, birth, phone, email, role)
		values (#{id}, #{pw}, #{nick}, #{name}, #{birth}, #{phone}, #{email}, #{role})
	</insert>
	<!--아이디 확인-->
	<select id="idCheck" resultType="int">
		select count(*) from users where id=#{id}
	</select>
	<!--아이디 찾기-->
	<select id="findId" resultType="String">
		select id from users where name=#{name} and email=#{email}
	</select>
	<!--아이디,전화번호로 유저가 있는지 확인-->
	<select id="userCheck" resultType="com.ex.data.UsersDTO">
		select * from users where id=#{id} and phone=#{phone}
	</select> 
	<!--비밀번호 재설정-->
	<update id="pwUpdate">
		update users set pw=#{pw} where id=#{id}
	</update>
	<!--로그인-->
	<select id="loginCheck" resultType="com.ex.data.UsersDTO" parameterType="com.ex.data.UsersDTO">
		select * from users where id=#{id} and pw=#{pw} and status='active'
	</select>
	
	<!--회원 탈퇴-->
	<delete id="userDelete">
		delete from users where id=#{id} and pw=#{pw}
	</delete>
	<!--유저 목록-->
	<select id="userList" resultType="com.ex.data.UsersDTO">
		select * from users where role='user'
	</select>
	<!--유저 상태 변경-->
	<update id="updateStatus">
		update users set status=#{status} where id=#{userId}
	</update>

	<!--기자 조회-->
	<select id="reporterList" resultType="com.ex.data.UsersDTO">
		select u.id, u.name, u.reg, u.role, r.category from users u
			   join reporter r on u.id = r.id where u.role = 'reporter'
	</select>
	<!--기자 카테고리 변경-->
	<update id="updateCategory">
		update reporter set category=#{category} where id=#{id}
	</update>

	
	<select id="findById" parameterType="string" resultType="com.ex.data.UsersDTO">
		select id, pw, nick, name, birth, phone, email, status, role, reg from users where id = #{id}
	</select>
	
	<update id="update" parameterType="com.ex.data.UsersDTO">
		update users set nick = #{nick, jdbcType=VARCHAR}, name = #{name, jdbcType=VARCHAR}, phone = #{phone, jdbcType=VARCHAR}, email = #{email, jdbcType=VARCHAR}, status = #{status, jdbcType=VARCHAR}, role = #{role, jdbcType=VARCHAR} where id = #{id}
	</update>
	<!--유저 정보 수정-->
	<update id="userUpdate">
		update users set nick=#{nick},name=#{name},phone=#{phone},email=#{email} where id=#{id} and pw=#{pw}
	</update>
	<!--유저 정보-->
	<select id="userInfo" resultType="com.ex.data.UsersDTO">
		select * from users where id=#{id}
	</select>
	<!--비밀번호 변경-->
	<update id="pwChange">
		update users set pw=#{pw1} where id=#{id}
	</update>
	<!--유저확인-->
	<select id="pwCheck" resultType="int">
		select count(*) from users where id=#{id} and pw=#{pw}
	</select>
</mapper>